<?xml version="1.0" encoding="UTF-8"?>
<project-private xmlns="http://www.netbeans.org/ns/project-private/1">
    <editor-bookmarks xmlns="http://www.netbeans.org/ns/editor-bookmarks/2" lastBookmarkId="0"/>
    <open-files xmlns="http://www.netbeans.org/ns/projectui-open-files/2">
        <group>
            <file>file:/C:/Users/vinic/OneDrive/Área%20de%20Trabalho/UFU/Sistemas%20Distribuidos/Etapa3-ViniciusGomes/comum/ProtocoloMensagem/src/protocolomensagem/ProtocoloMensagem.java</file>
            <file>file:/C:/Users/vinic/OneDrive/Área%20de%20Trabalho/UFU/Sistemas%20Distribuidos/Etapa3-ViniciusGomes/comum/ProtocoloMensagem/src/protocolomensagem/comum.java</file>
        </group>
    </open-files>
</project-private>
